{"cameraMode":{"drawMode":0,"name":"Shaded","section":"Shading Mode"},"sceneLighting":false,"audioPlay":false,"sceneViewState":{"showFog":true,"showMaterialUpdate":false,"showSkybox":false,"showFlares":true,"showImageEffects":true,"showParticleSystems":true},"in2DMode":false,"pivot":{"x":2.9802322387695315e-8,"y":-5.960464477539063e-8,"z":0.0},"rotation":{"x":-0.0010886829113587738,"y":0.9884732961654663,"z":-0.1512233167886734,"w":-0.007116158492863178},"size":0.6062209010124207,"orthographic":false}