{"cameraMode":{"drawMode":0,"name":"Shaded","section":"Shading Mode"},"sceneLighting":false,"audioPlay":false,"sceneViewState":{"showFog":true,"showMaterialUpdate":true,"showSkybox":true,"showFlares":true,"showImageEffects":true,"showParticleSystems":true},"in2DMode":false,"pivot":{"x":584.4010009765625,"y":216.1266632080078,"z":464.17626953125},"rotation":{"x":0.04229570925235748,"y":-0.007497804705053568,"z":0.0003174011944793165,"w":0.999077320098877},"size":545.2960815429688,"orthographic":false}