{"cameraMode":{"drawMode":0,"name":"Shaded","section":"Shading Mode"},"sceneLighting":false,"audioPlay":false,"sceneViewState":{"showFog":true,"showMaterialUpdate":true,"showSkybox":true,"showFlares":true,"showImageEffects":true,"showParticleSystems":true},"in2DMode":false,"pivot":{"x":497.783203125,"y":199.3309783935547,"z":230.1337127685547},"rotation":{"x":0.02699642814695835,"y":0.00599784916266799,"z":-0.00016198544471990317,"w":0.999618411064148},"size":351.9681701660156,"orthographic":true}