{"cameraMode":{"drawMode":0,"name":"Shaded","section":"Shading Mode"},"sceneLighting":false,"audioPlay":false,"sceneViewState":{"showFog":true,"showMaterialUpdate":true,"showSkybox":true,"showFlares":true,"showImageEffects":true,"showParticleSystems":true},"in2DMode":false,"pivot":{"x":534.8328857421875,"y":183.0584716796875,"z":864.4718627929688},"rotation":{"x":0.014999437145888806,"y":-1.7136861929500924e-9,"z":-4.5564385597884896e-11,"w":0.9998874068260193},"size":749.0209350585938,"orthographic":false}