{"cameraMode":{"drawMode":0,"name":"Shaded","section":"Shading Mode"},"sceneLighting":false,"audioPlay":false,"sceneViewState":{"showFog":true,"showMaterialUpdate":true,"showSkybox":true,"showFlares":true,"showImageEffects":true,"showParticleSystems":true},"in2DMode":false,"pivot":{"x":7.152557373046875e-7,"y":1.4386857748031617,"z":0.06758356094360352},"rotation":{"x":0.02697797119617462,"y":0.03747766837477684,"z":-0.0010121440282091499,"w":0.9989340305328369},"size":2.4611239433288576,"orthographic":false}