{"cameraMode":{"drawMode":0,"name":"Shaded","section":"Shading Mode"},"sceneLighting":false,"audioPlay":false,"sceneViewState":{"showFog":true,"showMaterialUpdate":true,"showSkybox":true,"showFlares":true,"showImageEffects":true,"showParticleSystems":true},"in2DMode":false,"pivot":{"x":534.8328857421875,"y":187.2921905517578,"z":723.3793334960938},"rotation":{"x":0.014999437145888806,"y":-1.7136861929500924e-9,"z":-4.5564385597884896e-11,"w":0.9998874068260193},"size":618.3662719726563,"orthographic":false}