{"cameraMode":{"drawMode":0,"name":"Shaded","section":"Shading Mode"},"sceneLighting":false,"audioPlay":false,"sceneViewState":{"showFog":true,"showMaterialUpdate":true,"showSkybox":true,"showFlares":true,"showImageEffects":true,"showParticleSystems":true},"in2DMode":false,"pivot":{"x":503.3983154296875,"y":168.11163330078126,"z":456.5107727050781},"rotation":{"x":0.0692434087395668,"y":0.017951203510165216,"z":-0.0012478702701628209,"w":0.997444212436676},"size":493.69305419921877,"orthographic":false}