{"cameraMode":{"drawMode":0,"name":"Shaded","section":"Shading Mode"},"sceneLighting":true,"audioPlay":false,"sceneViewState":{"showFog":true,"showMaterialUpdate":false,"showSkybox":true,"showFlares":true,"showImageEffects":true,"showParticleSystems":true},"in2DMode":false,"pivot":{"x":506.2806701660156,"y":455.1224060058594,"z":-559.906982421875},"rotation":{"x":0.013499494642019272,"y":0.005999227054417133,"z":-0.00008108410111162812,"w":0.9998930096626282},"size":177.5528106689453,"orthographic":false}