{"cameraMode":{"drawMode":0,"name":"Shaded","section":"Shading Mode"},"sceneLighting":true,"audioPlay":false,"sceneViewState":{"showFog":true,"showMaterialUpdate":false,"showSkybox":true,"showFlares":true,"showImageEffects":true,"showParticleSystems":true},"in2DMode":false,"pivot":{"x":656.9140014648438,"y":321.9180908203125,"z":-270.7517395019531},"rotation":{"x":-0.04910311475396156,"y":0.05240776017308235,"z":0.002579800318926573,"w":0.9974159598350525},"size":230.03021240234376,"orthographic":true}